<?xml version="1.0" encoding="utf-8" ?>
<Patch>

	<Operation Class="PatchOperationFindMod">
		<mods>
			<li>Royalty</li>
		</mods>

		<match Class="PatchOperationSequence">
			<operations>
				<li Class="PatchOperationAdd"> 
				<xpath>/Defs/AlienRace.ThingDef_AlienRace[defName="ChjBattleDroid"]/alienRace/raceRestriction/whiteApparelList</xpath>
					<value>
						<li>Apparel_PackJump</li>
						<li>Apparel_PackBroadshield</li>
					</value>
				</li>

			</operations>
		</match>
	</Operation>


</Patch>