<?xml version="1.0" encoding="utf-8"?>
<ModMetaData>
  <name>Androids Expanded</name>
  <author>Peptide</author>
  <supportedVersions>
    <li>1.1</li>
    <li>1.2</li>
    <li>1.3</li>
  </supportedVersions>
  <packageId>peptide.androidsexpanded</packageId>
  <description>Original mod by Neceros. Fixed for 1.3 by Milchbert. Uploaded to workshop by Peptide by permission of authors. Adds new droid types and drones.</description>
  <modDependencies>
    <li>
      <packageId>ChJees.Androids</packageId>
      <displayName>Androids</displayName>
      <steamWorkshopUrl>https://steamcommunity.com/sharedfiles/filedetails/?id=1541064015</steamWorkshopUrl>
    </li>
  </modDependencies>
  <loadAfter>
    <li>ChJees.Androids</li>
  </loadAfter>
</ModMetaData>
