﻿<?xml version="1.0" encoding="utf-8" ?>
<Defs>

  <AlienRace.ThingDef_AlienRace ParentName="BasePawn">
    <defName>ChjSpacerDroid</defName>
    <label>Advanced droid</label>
    <description>A race of spacer-tech humanlike worker robots.\n\nUsually found toiling around in colonies around the rim which got a resident tinkerer.Not capable of sapience making them perfect for colony tasks. \n\nAdvanced droids are much better than their outdated models in every way. \n\nDroids are not born and must be created.</description>
    <uiIconPath>Things/Pawn/Humanlike/UI/IconHuman</uiIconPath>
    <comps>
      <li Class="Androids.CompProperties_EnergyTracker">
        <canHibernate>true</canHibernate>
        <hibernationJob>ChJDroidHibernate</hibernationJob>
      </li>
    </comps>
    <alienRace>
      <generalSettings>
        <maleGenderProbability>1</maleGenderProbability>
        <immuneToAge>true</immuneToAge>
        <disallowedTraits>
          <li>
            <defName>DrugDesire</defName>
          </li>
          <li>
            <defName>NaturalMood</defName>
          </li>
          <li>
            <defName>Nerves</defName>
          </li>
          <li>
            <defName>Neurotic</defName>
          </li>
          <li>
            <defName>PsychicSensitivity</defName>
          </li>
          <li>
            <defName>Cannibal</defName>
          </li>
          <li>
            <defName>TooSmart</defName>
          </li>
          <li>
            <defName>BodyPurist</defName>
          </li>
          <li>
            <defName>Greedy</defName>
          </li>
          <li>
            <defName>Jealous</defName>
          </li>
          <li>
            <defName>DislikesMen</defName>
          </li>
          <li>
            <defName>DislikesWomen</defName>
          </li>
          <li>
            <defName>Xenophobia</defName>
          </li>
          <li>
            <defName>AnnoyingVoice</defName>
          </li>
          <li>
            <defName>CreepyBreathing</defName>
          </li>
          <li>
            <defName>Pyromaniac</defName>
          </li>
          <li>
            <defName>Wimp</defName>
          </li>
        </disallowedTraits>
        <immuneToXenophobia>true</immuneToXenophobia>
        <alienPartGenerator>
          <alienbodytypes>
            <li>Female</li>
          </alienbodytypes>
          <colorChannels>
            <li>
              <name>skin</name>
              <first Class="ColorGenerator_Options">
                <options>
                  <li>
                    <weight>5</weight>
                    <only>RGBA(0.94,0.94,0.94,1)</only>
                  </li>
                  <li>
                    <weight>5</weight>
                    <only>RGBA(0.70,0.70,0.95,1)</only>
                  </li>
                  <li>
                    <weight>5</weight>
                    <only>RGBA(0.70,0.95,0.70,1)</only>
                  </li>
                  <li>
                    <weight>5</weight>
                    <only>RGBA(0.95,0.70,0.70,1)</only>
                  </li>
                  <li>
                    <weight>5</weight>
                    <only>RGBA(0.95,0.95,0.70,1)</only>
                  </li>
                  <li>
                    <weight>5</weight>
                    <only>RGBA(0.70,0.95,0.95,1)</only>
                  </li>
                  <li>
                    <weight>5</weight>
                    <only>RGBA(0.65,0.65,0.65,1)</only>
                  </li>
                </options>
              </first>
            </li>
          </colorChannels>
        </alienPartGenerator>
      </generalSettings>
      <graphicPaths>
        <li>
          <body>Things/AdvancedDroid/</body>
          <head>Things/AdvancedDroid/Head/</head>
          <skeleton>Things/Pawn/Humanlike/Bodies/Dessicated/Dessicated_Thin</skeleton>
        </li>
      </graphicPaths>
      <styleSettings>
        <li>
          <key>HairDef</key>
          <value>
            <hasStyle>false</hasStyle>
          </value>
        </li>
        <li>
          <key>TattooDef</key>
          <value>
            <hasStyle>false</hasStyle>
          </value>
        </li>
        <li>
          <key>BeardDef</key>
          <value>
              <hasStyle>false</hasStyle>
          </value>
        </li>
      </styleSettings>
      <thoughtSettings>
        <cannotReceiveThoughtsAtAll>true</cannotReceiveThoughtsAtAll>
        <canStillReceiveThoughts>
          <li>ChJDroidAlways</li>
        </canStillReceiveThoughts>
        <butcherThoughtGeneral>
          <thought>NSalvageRobotCorpse</thought>
          <knowThought>NKnowSalvageRobotCorpse</knowThought>
        </butcherThoughtGeneral>
      </thoughtSettings>
      <relationSettings>
        <relationChanceModifierChild>0</relationChanceModifierChild>
        <relationChanceModifierExLover>0</relationChanceModifierExLover>
        <relationChanceModifierExSpouse>0</relationChanceModifierExSpouse>
        <relationChanceModifierFiance>0</relationChanceModifierFiance>
        <relationChanceModifierLover>0</relationChanceModifierLover>
        <relationChanceModifierParent>0</relationChanceModifierParent>
        <relationChanceModifierSibling>0</relationChanceModifierSibling>
        <relationChanceModifierSpouse>0</relationChanceModifierSpouse>
      </relationSettings>
    </alienRace>
    <statBases>
      <MarketValue>1650</MarketValue>
      <MoveSpeed>7.2</MoveSpeed>
      <Flammability>0.0</Flammability>
      <ComfyTemperatureMin>-200</ComfyTemperatureMin>
      <ComfyTemperatureMax>300</ComfyTemperatureMax>
      <ToxicSensitivity>0</ToxicSensitivity>
      <PsychicSensitivity>0</PsychicSensitivity>
      <PainShockThreshold>5</PainShockThreshold>
      <MentalBreakThreshold>0</MentalBreakThreshold>
      <SocialImpact>0</SocialImpact>
      <GlobalLearningFactor>1</GlobalLearningFactor>
      <SmoothingSpeed>2</SmoothingSpeed>
      <WorkSpeedGlobal>1.33</WorkSpeedGlobal>
      <ImmunityGainSpeed>10</ImmunityGainSpeed>
      <LeatherAmount>0</LeatherAmount>
      <MeatAmount>0</MeatAmount>
      <ArmorRating_Sharp>0.40</ArmorRating_Sharp>
      <ArmorRating_Blunt>0.30</ArmorRating_Blunt>
      <ArmorRating_Heat>2.00</ArmorRating_Heat>
      <CarryingCapacity>150</CarryingCapacity>
      <Mass>60.0</Mass>
    </statBases>
    <tools>
      <li>
        <label>left fist</label>
        <capacities>
          <li>Blunt</li>
        </capacities>
        <power>20</power>
        <cooldownTime>1.6</cooldownTime>
        <linkedBodyPartsGroup>LeftHand</linkedBodyPartsGroup>
        <surpriseAttack>
          <extraMeleeDamages>
            <li>
              <def>Stun</def>
              <amount>22</amount>
            </li>
          </extraMeleeDamages>
        </surpriseAttack>
      </li>
      <li>
        <label>right fist</label>
        <capacities>
          <li>Blunt</li>
        </capacities>
        <power>20</power>
        <cooldownTime>1.6</cooldownTime>
        <linkedBodyPartsGroup>RightHand</linkedBodyPartsGroup>
        <surpriseAttack>
          <extraMeleeDamages>
            <li>
              <def>Stun</def>
              <amount>22</amount>
            </li>
          </extraMeleeDamages>
        </surpriseAttack>
      </li>
      <li>
        <label>head</label>
        <capacities>
          <li>Blunt</li>
        </capacities>
        <power>12</power>
        <cooldownTime>1.8</cooldownTime>
        <linkedBodyPartsGroup>HeadAttackTool</linkedBodyPartsGroup>
        <chanceFactor>0.2</chanceFactor>
      </li>
    </tools>
    <race>
      <thinkTreeMain>Humanlike</thinkTreeMain>
      <thinkTreeConstant>HumanlikeConstant</thinkTreeConstant>
      <intelligence>Humanlike</intelligence>
      <fleshType>ChJDroid</fleshType>
      <makesFootprints>true</makesFootprints>
      <lifeExpectancy>1000</lifeExpectancy>
      <baseHungerRate>0</baseHungerRate>
      <leatherDef>Leather_ChJAndroid</leatherDef>
      <nameCategory>HumanStandard</nameCategory>
      <body>DroidBody</body>
      <bloodDef>ChjFilthCoolant</bloodDef>
      <deathActionWorkerClass>Androids.DeathActionWorker_Droid</deathActionWorkerClass>
      <baseBodySize>1.25</baseBodySize>
      <baseHealthScale>0.85</baseHealthScale>
      <foodType>None</foodType>
      <useMeatFrom>ChjAndroid</useMeatFrom>
      <gestationPeriodDays>1</gestationPeriodDays>
      <canBePredatorPrey>false</canBePredatorPrey>
      <litterSizeCurve>
        <points>
          <li>(0.5, 0)</li>
          <li>(1, 1)</li>
          <li>(1.01, 0.02)</li>
          <li>(3.5, 0)</li>
        </points>
      </litterSizeCurve>
      <lifeStageAges>
        <li>
          <def>HumanlikeAdult</def>
          <minAge>0</minAge>
          <soundWounded>Pawn_Mech_Scyther_Wounded</soundWounded>
          <soundDeath>Pawn_Mech_Scyther_Death</soundDeath>
          <soundCall>Pawn_Mech_Scyther_Call</soundCall>
        </li>
      </lifeStageAges>
      <soundMeleeHitPawn>Pawn_Melee_MechanoidBash_HitPawn</soundMeleeHitPawn>
      <soundMeleeHitBuilding>Pawn_Melee_MechanoidBash_HitBuilding</soundMeleeHitBuilding>
      <soundMeleeMiss>Pawn_Melee_MechanoidBash_Miss</soundMeleeMiss>
      <specialShadowData>
        <volume>(0.3, 0.8, 0.4)</volume>
        <offset>(0,0,-0.3)</offset>
      </specialShadowData>
      <ageGenerationCurve>
        <points>
          <li>(14,0)</li>
          <li>(16,100)</li>
          <li>(50,100)</li>
          <li>(60,30)</li>
          <li>(70,18)</li>
          <li>(80,10)</li>
          <li>(90,3)</li>
          <li>(100,0)</li>
        </points>
      </ageGenerationCurve>
      <hediffGiverSets>
        <li>ChjAndroidStandard</li>
        <li>ChjDroid</li>
      </hediffGiverSets>
    </race>
    <recipes>
      <li>AdministerMechSerumHealer</li>
      <li>ChJAndroidRepairKit</li>
      <li>ChJAndroidShutDownDroid</li>
    </recipes>
    <butcherProducts>
      <Steel>60</Steel>
      <Plasteel>20</Plasteel>
      <ComponentIndustrial>4</ComponentIndustrial>
    </butcherProducts>
    <modExtensions>
      <li Class="Androids.MechanicalPawnProperties">
        <!-- If true the pawn will not lose any skill due to decay. -->
        <noSkillLoss>true</noSkillLoss>
        <!-- Can this Droid be social? -->
        <canSocialize>false</canSocialize>
        <!-- Do the colony care if they die? -->
        <colonyCaresIfDead>false</colonyCaresIfDead>
      </li>
      <li Class="Androids.DroidSpawnProperties">
        <defaultSkillLevel>10</defaultSkillLevel>
        <skills>
          <li>
            <def>Shooting</def>
            <level>6</level>
          </li>
          <li>
            <def>Melee</def>
            <level>6</level>
          </li>
          <li>
            <def>Mining</def>
            <level>14</level>
          </li>
          <li>
            <def>Plants</def>
            <level>14</level>
          </li>
          <li>
            <def>Construction</def>
            <level>14</level>
          </li>
          <li>
            <def>Crafting</def>
            <level>14</level>
          </li>
          <li>
            <def>Cooking</def>
            <level>10</level>
          </li>
          <li>
            <def>Medicine</def>
            <level>10</level>
          </li>
        </skills>
        <backstory>ChJAndroid_Droid</backstory>
        <bodyType>Female</bodyType>
      </li>
    </modExtensions>
  </AlienRace.ThingDef_AlienRace>




  <AlienRace.ThingDef_AlienRace ParentName="BasePawn">
    <defName>ChjSpacerBattleDroid</defName>
    <label>Wardroid</label>
    <description>A race of spacer-tech humanlike warrior robots.\n\nInstalled into military bases and highly sensitive areas. They show no mercy upon targets who fail to identify themselves. Are traditionally armed with miniguns and core launchers.\n\nAdvanced droids are much better than their outdated models in every way. Wardroids possess four arms, each of which is highly deadly. Humans beware: bring an army to defeat this model.\n\nDroids are not born and must be created.</description>
    <uiIconPath>Things/Pawn/Humanlike/UI/IconHuman</uiIconPath>
    <comps>
      <li Class="Androids.CompProperties_EnergyTracker">
        <canHibernate>true</canHibernate>
        <hibernationJob>ChJDroidHibernate</hibernationJob>
        <maxEnergy>3</maxEnergy>
        <ticksSpentCharging>600</ticksSpentCharging>
      </li>
    </comps>
    <alienRace>
      <raceRestriction>
        <onlyUseRaceRestrictedApparel>true</onlyUseRaceRestrictedApparel>
        <whiteApparelList>
          <li>ChjAndroid_ChemfuelGenerator</li>
          <li>Apparel_ShieldBelt</li>
          <li>Apparel_SmokepopBelt</li>
          <li>Apparel_PsychicShockLance</li>
          <li>Apparel_PsychicInsanityLance</li>
          <li>Apparel_PackJump</li>
          <li>Apparel_PackBroadshield</li>
          <li>OrbitalTargeterBombardment</li>
          <li>OrbitalTargeterPowerBeam</li>
        </whiteApparelList>
      </raceRestriction>
      <generalSettings>
        <!--maxDamageForSocialfight>6</maxDamageForSocialfight-->
        <maleGenderProbability>1</maleGenderProbability>
        <immuneToAge>true</immuneToAge>
        <disallowedTraits>
          <li>
            <defName>DrugDesire</defName>
          </li>
          <li>
            <defName>NaturalMood</defName>
          </li>
          <li>
            <defName>Nerves</defName>
          </li>
          <li>
            <defName>Neurotic</defName>
          </li>
          <li>
            <defName>PsychicSensitivity</defName>
          </li>
          <li>
            <defName>Cannibal</defName>
          </li>
          <li>
            <defName>TooSmart</defName>
          </li>
          <li>
            <defName>BodyPurist</defName>
          </li>
          <li>
            <defName>Greedy</defName>
          </li>
          <li>
            <defName>Jealous</defName>
          </li>
          <li>
            <defName>DislikesMen</defName>
          </li>
          <li>
            <defName>DislikesWomen</defName>
          </li>
          <li>
            <defName>Xenophobia</defName>
          </li>
          <li>
            <defName>AnnoyingVoice</defName>
          </li>
          <li>
            <defName>CreepyBreathing</defName>
          </li>
          <li>
            <defName>Pyromaniac</defName>
          </li>
          <li>
            <defName>Wimp</defName>
          </li>
        </disallowedTraits>
        <immuneToXenophobia>true</immuneToXenophobia>
        <alienPartGenerator>
          <customDrawSize>(1.6, 1.6)</customDrawSize>
          <headOffset>(0, 0.1)</headOffset>
          <alienbodytypes>
            <li>Hulk</li>
          </alienbodytypes>
          <colorChannels>
            <li>
              <name>skin</name>
              <first Class="ColorGenerator_Options">
                <options>
                  <li>
                    <weight>10</weight>
                    <only>RGBA(0.95,0.45,0.45,1)</only>
                  </li>
                  <li>
                    <weight>10</weight>
                    <only>RGBA(0.15,0.15,0.15,1)</only>
                  </li>
                  <li>
                    <weight>6</weight>
                    <only>RGBA(0.95,0.95,0.95,1)</only>
                  </li>
                  <li>
                    <weight>3</weight>
                    <only>RGBA(1.00,0.84,0.00,1)</only>
                  </li>
                </options>
              </first>
            </li>
          </colorChannels>
        </alienPartGenerator>
      </generalSettings>
      <graphicPaths>
        <li>
          <body>Things/Wardroid/</body>
          <head>Things/Wardroid/Head/</head>
          <skeleton>Things/Pawn/Humanlike/Bodies/Dessicated/Dessicated_Thin</skeleton>
        </li>
      </graphicPaths>
      <styleSettings>
        <li>
          <key>HairDef</key>
          <value>
            <hasStyle>false</hasStyle>
          </value>
        </li>
        <li>
          <key>TattooDef</key>
          <value>
            <hasStyle>false</hasStyle>
          </value>
        </li>
        <li>
          <key>BeardDef</key>
          <value>
              <hasStyle>false</hasStyle>
          </value>
        </li>
      </styleSettings>
      <thoughtSettings>
        <cannotReceiveThoughtsAtAll>true</cannotReceiveThoughtsAtAll>
        <canStillReceiveThoughts>
          <li>ChJDroidAlways</li>
        </canStillReceiveThoughts>
        <butcherThoughtGeneral>
          <thought>NSalvageRobotCorpse</thought>
          <knowThought>NKnowSalvageRobotCorpse</knowThought>
        </butcherThoughtGeneral>
      </thoughtSettings>
      <relationSettings>
        <relationChanceModifierChild>0</relationChanceModifierChild>
        <relationChanceModifierExLover>0</relationChanceModifierExLover>
        <relationChanceModifierExSpouse>0</relationChanceModifierExSpouse>
        <relationChanceModifierFiance>0</relationChanceModifierFiance>
        <relationChanceModifierLover>0</relationChanceModifierLover>
        <relationChanceModifierParent>0</relationChanceModifierParent>
        <relationChanceModifierSibling>0</relationChanceModifierSibling>
        <relationChanceModifierSpouse>0</relationChanceModifierSpouse>
      </relationSettings>
    </alienRace>
    <statBases>
      <MarketValue>3500</MarketValue>
      <MoveSpeed>7.2</MoveSpeed>
      <Flammability>0.0</Flammability>
      <ComfyTemperatureMin>-1000</ComfyTemperatureMin>
      <ComfyTemperatureMax>1000</ComfyTemperatureMax>
      <ToxicSensitivity>0</ToxicSensitivity>
      <PsychicSensitivity>0</PsychicSensitivity>
      <PainShockThreshold>5</PainShockThreshold>
      <MentalBreakThreshold>0</MentalBreakThreshold>
      <SocialImpact>0</SocialImpact>
      <GlobalLearningFactor>0.0</GlobalLearningFactor>
      <ImmunityGainSpeed>10</ImmunityGainSpeed>
      <LeatherAmount>0</LeatherAmount>
      <MeatAmount>0</MeatAmount>
      <AimingDelayFactor>0.50</AimingDelayFactor>
      <MeleeDodgeChance>-0.99</MeleeDodgeChance>
      <ArmorRating_Sharp>1.2</ArmorRating_Sharp>
      <ArmorRating_Blunt>0.6</ArmorRating_Blunt>
      <ArmorRating_Heat>2.00</ArmorRating_Heat>
      <CarryingCapacity>150</CarryingCapacity>
      <Mass>75.0</Mass>
    </statBases>
    <tools>
      <li>
        <label>left razor-fist</label>
        <capacities>
          <li>Cut</li>
          <li>Stab</li>
          <li>Blunt</li>
        </capacities>
        <power>40</power>
        <cooldownTime>1.7</cooldownTime>
        <linkedBodyPartsGroup>LeftDroidHand</linkedBodyPartsGroup>
        <surpriseAttack>
          <extraMeleeDamages>
            <li>
              <def>Stun</def>
              <amount>35</amount>
            </li>
          </extraMeleeDamages>
        </surpriseAttack>
      </li>
      <li>
        <label>right razor-fist</label>
        <capacities>
          <li>Cut</li>
          <li>Stab</li>
          <li>Blunt</li>
        </capacities>
        <power>40</power>
        <cooldownTime>1.7</cooldownTime>
        <linkedBodyPartsGroup>RightDroidHand</linkedBodyPartsGroup>
        <surpriseAttack>
          <extraMeleeDamages>
            <li>
              <def>Stun</def>
              <amount>35</amount>
            </li>
          </extraMeleeDamages>
        </surpriseAttack>
      </li>
      <li>
        <label>lower left razor-fist</label>
        <capacities>
          <li>Cut</li>
          <li>Stab</li>
          <li>Blunt</li>
        </capacities>
        <power>40</power>
        <cooldownTime>1.7</cooldownTime>
        <linkedBodyPartsGroup>LeftDroidHand</linkedBodyPartsGroup>
        <surpriseAttack>
          <extraMeleeDamages>
            <li>
              <def>Stun</def>
              <amount>35</amount>
            </li>
          </extraMeleeDamages>
        </surpriseAttack>
      </li>
      <li>
        <label>lower right razor-fist</label>
        <capacities>
          <li>Cut</li>
          <li>Stab</li>
          <li>Blunt</li>
        </capacities>
        <power>40</power>
        <cooldownTime>1.7</cooldownTime>
        <linkedBodyPartsGroup>LowerRightDroidHand</linkedBodyPartsGroup>
        <surpriseAttack>
          <extraMeleeDamages>
            <li>
              <def>Stun</def>
              <amount>35</amount>
            </li>
          </extraMeleeDamages>
        </surpriseAttack>
      </li>
      <li>
        <label>giant body slam</label>
        <capacities>
          <li>Blunt</li>
        </capacities>
        <power>80</power>
        <cooldownTime>2</cooldownTime>
        <linkedBodyPartsGroup>Torso</linkedBodyPartsGroup>
        <chanceFactor>0.33</chanceFactor>
      </li>
    </tools>
    <race>
      <thinkTreeMain>Humanlike</thinkTreeMain>
      <thinkTreeConstant>HumanlikeConstant</thinkTreeConstant>
      <intelligence>Humanlike</intelligence>
      <fleshType>ChJDroid</fleshType>
      <makesFootprints>true</makesFootprints>
      <lifeExpectancy>1000</lifeExpectancy>
      <baseHungerRate>0</baseHungerRate>
      <leatherDef>Leather_ChJAndroid</leatherDef>
      <nameCategory>HumanStandard</nameCategory>
      <body>WardroidBody</body>
      <bloodDef>ChjFilthCoolant</bloodDef>
      <deathActionWorkerClass>Androids.DeathActionWorker_Droid</deathActionWorkerClass>
      <baseBodySize>3.00</baseBodySize>
      <baseHealthScale>4</baseHealthScale>
      <foodType>None</foodType>
      <useMeatFrom>ChjAndroid</useMeatFrom>
      <gestationPeriodDays>1</gestationPeriodDays>
      <canBePredatorPrey>false</canBePredatorPrey>
      <litterSizeCurve>
        <points>
          <li>(0.5, 0)</li>
          <li>(1, 1)</li>
          <li>(1.01, 0.02)</li>
          <li>(3.5, 0)</li>
        </points>
      </litterSizeCurve>
      <lifeStageAges>
        <li>
          <def>HumanlikeAdult</def>
          <minAge>0</minAge>
          <soundWounded>Pawn_Mech_Centipede_Wounded</soundWounded>
          <soundDeath>Pawn_Mech_Centipede_Death</soundDeath>
          <soundCall>Pawn_Mech_Centipede_Call</soundCall>
        </li>
      </lifeStageAges>
      <soundMeleeHitPawn>Pawn_Melee_MechanoidSlash_HitPawn</soundMeleeHitPawn>
      <soundMeleeHitBuilding>Pawn_Melee_MechanoidSlash_HitBuilding</soundMeleeHitBuilding>
      <soundMeleeMiss>Pawn_Melee_MechanoidSlash_Miss</soundMeleeMiss>
      <specialShadowData>
        <volume>(0.3, 0.8, 0.4)</volume>
        <offset>(0,0,-0.3)</offset>
      </specialShadowData>
      <ageGenerationCurve>
        <points>
          <li>(14,0)</li>
          <li>(16,100)</li>
          <li>(50,100)</li>
          <li>(60,30)</li>
          <li>(70,18)</li>
          <li>(80,10)</li>
          <li>(90,3)</li>
          <li>(100,0)</li>
        </points>
      </ageGenerationCurve>
      <hediffGiverSets>
        <li>ChjAndroidStandard</li>
        <li>ChjDroid</li>
      </hediffGiverSets>
    </race>
    <recipes>
      <li>AdministerMechSerumHealer</li>
      <li>ChJAndroidRepairKit</li>
      <li>ChJAndroidShutDownDroid</li>
    </recipes>
    <butcherProducts>
      <Steel>240</Steel>
      <Plasteel>60</Plasteel>
      <ComponentIndustrial>10</ComponentIndustrial>
    </butcherProducts>
    <modExtensions>
      <li Class="Androids.MechanicalPawnProperties"/>
      <li Class="Androids.DroidSpawnProperties">
        <defaultSkillLevel>0</defaultSkillLevel>
        <skills>
          <li>
            <def>Shooting</def>
            <level>18</level>
          </li>
          <li>
            <def>Melee</def>
            <level>18</level>
          </li>
        </skills>
        <backstory>ChJAndroid_BattleDroid</backstory>
        <bodyType>Hulk</bodyType>
        <hostileResponse>Attack</hostileResponse>
      </li>
    </modExtensions>
  </AlienRace.ThingDef_AlienRace>

</Defs>