﻿<?xml version="1.0" encoding="utf-8" ?>
<Defs>


  <BodyPartDef>
    <defName>DroidHeart</defName>
    <label>coolant pump</label>
    <hitPoints>30</hitPoints>
    <permanentInjuryChanceFactor>0</permanentInjuryChanceFactor>
    <skinCovered>false</skinCovered>
    <bleedRate>2</bleedRate>
    <tags>
      <li>BloodPumpingSource</li>
    </tags>
    <canSuggestAmputation>false</canSuggestAmputation>
  </BodyPartDef>

  <BodyPartDef>
    <defName>DroidLeftLung</defName>
    <label>left induction fan</label>
    <hitPoints>20</hitPoints>
    <permanentInjuryChanceFactor>0</permanentInjuryChanceFactor>
    <skinCovered>false</skinCovered>
    <bleedRate>1</bleedRate>
    <tags>
      <li>BreathingSource</li>
    </tags>
    <canSuggestAmputation>false</canSuggestAmputation>
  </BodyPartDef>

  <BodyPartDef>
    <defName>DroidRightLung</defName>
    <label>right induction fan</label>
    <hitPoints>20</hitPoints>
    <permanentInjuryChanceFactor>0</permanentInjuryChanceFactor>
    <skinCovered>false</skinCovered>
    <bleedRate>1</bleedRate>	
    <tags>
      <li>BreathingSource</li>
    </tags>
    <canSuggestAmputation>false</canSuggestAmputation>
  </BodyPartDef>

  <BodyPartDef>
    <defName>DroidLeftKidney</defName>
    <label>left coolant scrubber</label>
    <hitPoints>20</hitPoints>
    <permanentInjuryChanceFactor>0</permanentInjuryChanceFactor>
    <skinCovered>false</skinCovered>
    <bleedRate>2</bleedRate>
    <canSuggestAmputation>false</canSuggestAmputation>
  </BodyPartDef>

  <BodyPartDef>
    <defName>DroidRightKidney</defName>
    <label>right coolant scrubber</label>
    <hitPoints>20</hitPoints>
    <permanentInjuryChanceFactor>0</permanentInjuryChanceFactor>
    <skinCovered>false</skinCovered>
    <bleedRate>2</bleedRate>
    <tags>
      <li>BloodFiltrationLiver</li>
    </tags>
    <canSuggestAmputation>false</canSuggestAmputation>
  </BodyPartDef>

  <BodyPartDef>
    <defName>DroidLiver</defName>
    <label>system stabilizer</label>
    <hitPoints>20</hitPoints>
    <permanentInjuryChanceFactor>0</permanentInjuryChanceFactor>
    <skinCovered>false</skinCovered>
    <bleedRate>1</bleedRate>
    <canSuggestAmputation>false</canSuggestAmputation>
  </BodyPartDef>

  <BodyPartDef>
    <defName>DroidStomach</defName>
    <label>energy distributor</label>
    <hitPoints>25</hitPoints>
    <permanentInjuryChanceFactor>0</permanentInjuryChanceFactor>
    <skinCovered>false</skinCovered>
    <bleedRate>1</bleedRate>
    <tags>
      <li>MetabolismSource</li>
    </tags>
    <canSuggestAmputation>false</canSuggestAmputation>
  </BodyPartDef>
  
</Defs>
