﻿<?xml version="1.0" encoding="utf-8" ?>
<Defs>

  <ResearchProjectDef>
    <defName>Build_Drones</defName>
    <label>task drones</label>
    <tab>ChjAndroid</tab>
    <description>Small drones designed to do singular tasks very well. Cheap in cost and quick to make.</description>
    <baseCost>3000</baseCost>
    <techLevel>Industrial</techLevel>
    <prerequisites>
      <li>BiofuelRefining</li>
      <li>MicroelectronicsBasics</li>
      <li>Batteries</li>
    </prerequisites>
    <requiredResearchBuilding>HiTechResearchBench</requiredResearchBuilding>
    <researchViewX>1.00</researchViewX>
    <researchViewY>3.50</researchViewY>
  </ResearchProjectDef> 


	<ResearchProjectDef>
    <defName>Build_SpacerDroids</defName>
    <label>advanced droids</label>
    <tab>ChjAndroid</tab>
    <description>An upgraded blueprint for creating capable and deadly droids.</description>
    <baseCost>8000</baseCost>
    <techLevel>Spacer</techLevel>
    <prerequisites>
      <li>ChJBattleDroid</li>
    </prerequisites>
    <requiredResearchBuilding>HiTechResearchBench</requiredResearchBuilding>
    <requiredResearchFacilities>
      <li>MultiAnalyzer</li>
    </requiredResearchFacilities>
    <researchViewX>3.00</researchViewX>
    <researchViewY>1.40</researchViewY>
  </ResearchProjectDef>

</Defs>

