<?xml version="1.0" encoding="utf-8" ?>
<Defs>
	<WorkGiverDef>
		<defName>NDroneManufactory</defName>
		<label>fill droid manufactories</label>
		<giverClass>Androids.WorkGiver_PawnCrafter</giverClass>
		<workType>Hauling</workType>
		<verb>fill</verb>
		<gerund>filling</gerund>
		<priorityInType>60</priorityInType>
		<requiredCapacities>
			<li>Manipulation</li>
		</requiredCapacities>
		<prioritizeSustains>true</prioritizeSustains>
		<modExtensions>
			<li Class="Androids.PawnCrafterWorkgiverProperties">
				<defToScan>NDronePrinter</defToScan>
				<fillJob>NFillDronePrinter</fillJob>
			</li>
		</modExtensions>
	</WorkGiverDef>
</Defs>